variety,size,mean_yield
No. 462,High,35.5
No. 457,High,35.833333333333336
Wisconsin No. 38,High,39.333333333333336
Trebi,High,39.583333333333336
Svansota,Low,30.333333333333332
Manchuria,Low,31.416666666666668
No. 475,Low,31.75
Velvet,Low,32.916666666666664
Peatland,Low,34.25
Glabron,Low,33.333333333333336
